Subject,CrseNumb,AcyrCode,Term,Section,EnrlMax,EnrlActual
ABCD,101,1992,199230,N16,15,16
ABCD,101,1992,199230,N17,15,15
ABCD,101,1992,199230,R40,35,17
ABCD,101,1993,199330,N10,20,14
ABCD,101,1993,199330,N11,20,14
ABCD,101,1993,199330,R40,35,13
ABCD,101,1994,199430,R10,18,18
ABCD,101,1994,199430,R11,17,14
ABCD,101,1994,199430,R12,20,21
ABCD,101,1995,199530,R16,35,24
ABCD,101,1995,199530,R40,20,13
ABCD,110,1991,199220,N10,20,12
ABCD,110,1992,199320,N16,35,10
ABCD,110,1992,199320,R40,20,10
ABCD,110,1993,199420,N16,35,16
ABCD,110,1993,199420,R40,20,15
ABCD,110,1994,199520,R16,35,21
ABCD,110,1994,199520,R40,35,14
ABCD,110,1995,199620,R16,35,16
ABCD,110,1995,199620,R40,35,13
ABCD,1101,1996,199630,R16,20,12
ABCD,1101,1996,199630,R17,20,20
ABCD,1101,1996,199630,R40,20,22
ABCD,1101,1997,199730,R16,35,30
ABCD,1101,1997,199730,R17,0,0
ABCD,1101,1997,199730,R40,20,16
ABCD,1101,1998,199830,R16,35,31
ABCD,1101,1998,199830,R40,35,22
ABCD,1101,1998,199830,S16,35,20
ABCD,1101,1999,199930,R16,35,28
ABCD,1101,1999,199930,R40,20,16
ABCD,1101,1999,199930,S16,35,21
ABCD,1101,2000,200030,R16,35,28
ABCD,1101,2000,200030,R40,20,18
ABCD,1101,2000,200030,S14,35,27
ABCD,1101,2000,200030,S16,35,20
ABCD,1101,2001,200130,R14,35,21
ABCD,1101,2001,200130,R16,35,34
ABCD,1101,2001,200130,R40,35,10
ABCD,1101,2001,200130,S14,35,21
ABCD,1101,2001,200130,S16,35,17
ABCD,1101,2002,200230,R14,35,11
ABCD,1101,2002,200230,R16,35,9
ABCD,1101,2002,200230,R40,35,13
ABCD,1101,2002,200230,S14,35,32
ABCD,1101,2002,200230,S16,35,11
ABCD,1101,2002,200310,S16,35,4
ABCD,1101,2003,200330,L14,35,15
ABCD,1101,2003,200330,R16,35,9
ABCD,1101,2003,200330,R40,35,18
ABCD,1101,2003,200330,S14,35,19
ABCD,1101,2003,200330,S16,35,9
ABCD,1101,2003,200410,S16,35,9
ABCD,1101,2004,200430,R14,35,23
ABCD,1101,2004,200430,R16,35,10
ABCD,1101,2004,200430,R20,35,9
ABCD,1101,2004,200430,R40,35,19
ABCD,1101,2004,200430,S10,35,11
ABCD,1101,2004,200430,S14,35,19
ABCD,1101,2004,200430,S16,35,14
ABCD,1101,2004,200430,S20,35,25
ABCD,1101,2004,200510,S10,35,8
ABCD,1101,2004,200510,S20,35,6
ABCD,1101,2005,200530,R14,35,14
ABCD,1101,2005,200530,R16,35,17
ABCD,1101,2005,200530,R20,35,22
ABCD,1101,2005,200530,R40,35,16
ABCD,1101,2005,200530,S10,35,1
ABCD,1101,2005,200530,S14,35,15
ABCD,1101,2005,200530,S16,35,32
ABCD,1101,2005,200530,S20,35,18
ABCD,1101,2005,200610,S14,35,20
ABCD,1101,2005,200610,S16,0,0
ABCD,1101,2006,200630,R16,35,8
ABCD,1101,2006,200630,R20,35,23
ABCD,1101,2006,200630,R40,20,19
ABCD,1101,2006,200630,S36,35,17
ABCD,1101,2006,200630,S38,35,25
ABCD,1101,2006,200710,R14,35,14
ABCD,1101,2006,200710,R16,0,0
ABCD,1101,2006,200710,S14,35,26
ABCD,1101,2006,200710,S16,35,0
ABCD,1101,2007,200730,R20,35,19
ABCD,1101,2007,200730,R40,19,15
ABCD,1101,2007,200730,S14,35,13
ABCD,1101,2007,200730,S16,0,0
ABCD,1101,2007,200730,S38,35,31
ABCD,1101,2007,200810,R14,35,12
ABCD,1101,2007,200810,S14,35,22
ABCD,1101,2008,200830,L10,0,0
ABCD,1101,2008,200830,R10,35,19
ABCD,1101,2008,200830,R40,35,35
ABCD,1101,2008,200830,S10,35,23
ABCD,1101,2008,200830,S11,35,27
ABCD,1101,2008,200830,S12,35,33
ABCD,1101,2008,200910,R14,35,13
ABCD,1101,2008,200910,S10,0,0
ABCD,1101,2008,200910,S14,35,28
ABCD,1101,2008,200920,S50,0,0
ABCD,1101,2009,200930,L10,35,15
ABCD,1101,2009,200930,R10,35,30
ABCD,1101,2009,200930,R40,20,20
ABCD,1101,2009,200930,S10,35,23
ABCD,1101,2009,200930,S11,35,31
ABCD,1101,2009,200930,S12,35,28
ABCD,1101,2009,200930,S13,35,0
ABCD,1101,2009,201010,R14,0,0
ABCD,1101,2009,201010,S10,0,0
ABCD,1101,2009,201010,S14,35,32
ABCD,1101,2010,201030,L10,0,0
ABCD,1101,2010,201030,R10,35,32
ABCD,1101,2010,201030,R40,35,31
ABCD,1101,2010,201030,S10,0,0
ABCD,1101,2010,201030,S11,37,34
ABCD,1101,2010,201030,S12,36,30
ABCD,1101,2010,201030,S13,35,31
ABCD,1101,2010,201110,S10,35,32
ABCD,1101,2011,201130,L40,35,21
ABCD,1101,2011,201130,R10,35,30
ABCD,1101,2011,201130,S10,35,31
ABCD,1101,2011,201130,S11,0,0
ABCD,1101,2011,201210,S10,35,35
ABCD,1101,2011,201210,S11,35,31
ABCD,1101,2011,201220,S10,35,33
ABCD,1101,2012,201230,L40,35,32
ABCD,1101,2012,201230,R10,35,25
ABCD,1101,2012,201230,S10,35,35
ABCD,1101,2012,201230,S11,0,0
ABCD,1101,2012,201310,S10,35,35
ABCD,1101,2012,201310,S11,35,32
ABCD,1101,2012,201310,S12,0,0
ABCD,1101,2012,201320,S10,35,34
ABCD,1101,2013,201330,L40,35,33
ABCD,1101,2013,201330,R10,35,35
ABCD,1101,2013,201330,S10,35,34
ABCD,1101,2013,201410,S10,35,34
ABCD,1101,2013,201410,S11,35,34
ABCD,1101,2013,201420,S10,35,34
ABCD,1101,2013,201420,S11,35,35
ABCD,1101,2014,201430,L40,35,35
ABCD,1101,2014,201430,R10,35,35
ABCD,1101,2014,201430,S10,35,34
ABCD,1101,2014,201510,S10,35,35
ABCD,1101,2014,201510,S11,35,34
ABCD,1101,2014,201520,S10,35,0
ABCD,1101,2014,201520,S11,0,0
ABCD,1110,1996,199630,R40,5,2
ABCD,1110,1996,199720,R16,20,23
ABCD,1110,1996,199720,R40,20,17
ABCD,1110,1997,199820,R16,20,18
ABCD,1110,1997,199820,R40,20,16
ABCD,1110,1998,199920,R16,20,16
ABCD,1110,1998,199920,R40,20,17
ABCD,1110,1998,199920,S16,20,10
ABCD,1110,1999,200020,R16,35,16
ABCD,1110,1999,200020,R40,20,14
ABCD,1110,1999,200020,S14,35,3
ABCD,1110,1999,200020,S16,35,10
ABCD,1110,2000,200110,S70,1,3
ABCD,1110,2000,200120,R16,40,17
ABCD,1110,2000,200120,R17,1,1
ABCD,1110,2000,200120,R40,40,16
ABCD,1110,2000,200120,S14,35,8
ABCD,1110,2000,200120,S16,40,4
ABCD,1110,2000,200120,S17,1,1
ABCD,1110,2001,200220,L18,1,0
ABCD,1110,2001,200220,R10,35,4
ABCD,1110,2001,200220,R16,35,10
ABCD,1110,2001,200220,R17,1,0
ABCD,1110,2001,200220,R40,35,10
ABCD,1110,2001,200220,S10,35,5
ABCD,1110,2001,200220,S16,35,5
ABCD,1110,2001,200220,S17,1,0
ABCD,1110,2002,200230,S10,2,2
ABCD,1110,2002,200310,S16,20,3
ABCD,1110,2002,200320,R10,35,0
ABCD,1110,2002,200320,R16,35,6
ABCD,1110,2002,200320,R17,1,1
ABCD,1110,2002,200320,R40,20,5
ABCD,1110,2002,200320,S10,35,9
ABCD,1110,2002,200320,S16,35,3
ABCD,1110,2003,200330,S16,35,3
ABCD,1110,2003,200410,S10,2,1
ABCD,1110,2003,200410,S16,35,0
ABCD,1110,2003,200420,R16,35,0
ABCD,1110,2003,200420,R40,35,14
ABCD,1110,2003,200420,R41,1,1
ABCD,1110,2003,200420,S14,35,8
ABCD,1110,2003,200420,S16,35,9
ABCD,1110,2004,200430,R40,1,1
ABCD,1110,2004,200430,R41,1,0
ABCD,1110,2004,200430,S16,35,3
ABCD,1110,2004,200510,R40,35,0
ABCD,1110,2004,200510,S16,35,0
ABCD,1110,2004,200520,R16,35,0
ABCD,1110,2004,200520,R40,35,9
ABCD,1110,2004,200520,S14,35,12
ABCD,1110,2004,200520,S16,35,9
ABCD,1110,2004,200520,S17,1,3
ABCD,1110,2005,200530,S16,35,0
ABCD,1110,2005,200610,R40,35,1
ABCD,1110,2005,200610,S14,0,0
ABCD,1110,2005,200610,S16,35,3
ABCD,1110,2005,200610,S17,1,1
ABCD,1110,2005,200620,R15,2,2
ABCD,1110,2005,200620,R16,35,3
ABCD,1110,2005,200620,R17,2,2
ABCD,1110,2005,200620,R40,35,14
ABCD,1110,2005,200620,S14,35,5
ABCD,1110,2005,200620,S16,35,11
ABCD,1110,2006,200630,S16,35,0
ABCD,1110,2006,200710,R16,35,3
ABCD,1110,2006,200710,R40,35,0
ABCD,1110,2006,200720,R15,2,2
ABCD,1110,2006,200720,R40,20,8
ABCD,1110,2006,200720,S14,35,10
ABCD,1110,2006,200720,S16,35,8
ABCD,1110,2006,200720,S17,1,1
ABCD,1110,2007,200730,S14,35,0
ABCD,1110,2007,200730,S16,35,3
ABCD,1110,2007,200810,R16,35,2
ABCD,1110,2007,200810,R40,35,2
ABCD,1110,2007,200820,R40,20,11
ABCD,1110,2007,200820,S10,35,0
ABCD,1110,2007,200820,S14,35,6
ABCD,1110,2007,200820,S16,35,7
ABCD,1110,2007,200820,SI6,35,2
ABCD,1110,2008,200830,S16,35,4
ABCD,1110,2008,200830,S17,0,0
ABCD,1110,2008,200910,R16,35,2
ABCD,1110,2008,200910,R40,35,1
ABCD,1110,2008,200910,S17,35,0
ABCD,1110,2008,200920,R40,20,9
ABCD,1110,2008,200920,R41,20,0
ABCD,1110,2008,200920,S12,35,3
ABCD,1110,2008,200920,S13,35,0
ABCD,1110,2008,200920,S14,35,6
ABCD,1110,2008,200920,S15,35,0
ABCD,1110,2008,200920,S16,35,12
ABCD,1110,2008,200920,S17,35,1
ABCD,1110,2008,200920,S50,35,0
ABCD,1110,2008,200920,S51,35,0
ABCD,1110,2009,200930,R40,35,0
ABCD,1110,2009,200930,S14,35,0
ABCD,1110,2009,200930,S15,35,0
ABCD,1110,2009,200930,S16,35,1
ABCD,1110,2009,200930,S17,35,1
ABCD,1110,2009,201010,R16,35,9
ABCD,1110,2009,201010,R17,35,0
ABCD,1110,2009,201010,R40,35,3
ABCD,1110,2009,201020,R40,20,7
ABCD,1110,2009,201020,S14,35,23
ABCD,1110,2009,201020,S16,35,4
ABCD,1110,2010,201030,R40,35,5
ABCD,1110,2010,201030,S13,35,0
ABCD,1110,2010,201030,S14,35,0
ABCD,1110,2010,201030,S15,35,0
ABCD,1110,2010,201030,S16,35,3
ABCD,1110,2010,201110,R40,35,1
ABCD,1110,2010,201110,S13,35,0
ABCD,1110,2010,201110,S14,35,0
ABCD,1110,2010,201110,S15,35,0
ABCD,1110,2010,201110,S16,35,3
ABCD,1110,2010,201120,R40,20,9
ABCD,1110,2010,201120,S13,35,1
ABCD,1110,2010,201120,S15,35,7
ABCD,1110,2010,201120,S16,35,4
ABCD,1110,2011,201130,L10,1,1
ABCD,1110,2011,201130,S10,2,2
ABCD,1110,2011,201130,S11,0,0
ABCD,1110,2011,201130,S12,0,0
ABCD,1110,2011,201130,S13,0,0
ABCD,1110,2011,201210,F10,15,0
ABCD,1110,2011,201210,F11,15,4
ABCD,1110,2011,201210,F12,15,0
ABCD,1110,2011,201210,F13,15,0
ABCD,1110,2011,201210,F14,15,0
ABCD,1110,2011,201210,F40,20,6
ABCD,1110,2011,201220,F10,15,2
ABCD,1110,2011,201220,F11,15,1
ABCD,1110,2011,201220,F12,15,8
ABCD,1110,2011,201220,F13,15,1
ABCD,1110,2011,201220,F14,15,2
ABCD,1110,2011,201220,F40,15,6
ABCD,1111,2009,201010,R16,1,1
ABCD,1111,2009,201020,R40,1,0
ABCD,1111,2009,201020,S14,2,1
ABCD,1111,2010,201030,S14,1,1
ABCD,1111,2010,201030,S15,1,1
ABCD,1111,2010,201110,R40,35,0
ABCD,1111,2010,201110,S13,35,1
ABCD,1111,2010,201110,S14,35,1
ABCD,1111,2010,201110,S15,35,0
ABCD,1111,2010,201110,S16,35,0
ABCD,1111,2010,201120,R10,20,0
ABCD,1111,2010,201120,S10,35,0
ABCD,1111,2010,201120,S11,35,0
ABCD,1111,2010,201120,S12,35,0
ABCD,1111,2010,201120,S13,35,0
ABCD,1111,2011,201130,L10,0,0
ABCD,1111,2011,201130,S10,3,0
ABCD,1111,2011,201130,S11,3,0
ABCD,1111,2011,201130,S12,3,0
ABCD,1111,2011,201130,S13,35,0
ABCD,1111,2011,201130,S14,3,0
ABCD,1111,2011,201210,F10,3,0
ABCD,1111,2011,201210,F11,3,0
ABCD,1111,2011,201210,F12,3,0
ABCD,1111,2011,201210,F13,3,0
ABCD,1111,2011,201210,F14,3,0
ABCD,1111,2011,201220,F10,3,0
ABCD,1111,2011,201220,F11,3,0
ABCD,1111,2011,201220,F12,3,0
ABCD,1111,2011,201220,F13,3,0
ABCD,1111,2011,201220,F14,3,0
ABCD,1111,2011,201220,F40,3,0
ABCD,1112,2009,201020,R16,1,1
ABCD,1112,2010,201030,R40,1,0
ABCD,1112,2010,201030,S14,2,1
ABCD,1112,2010,201110,S14,1,1
ABCD,1112,2010,201110,S15,1,0
ABCD,1112,2010,201120,R10,20,0
ABCD,1112,2010,201120,S13,1,1
ABCD,1112,2010,201120,S14,1,1
ABCD,1112,2011,201130,S10,0,0
ABCD,1112,2011,201130,S11,0,0
ABCD,1112,2011,201130,S12,0,0
ABCD,1112,2011,201130,S13,35,0
ABCD,1112,2011,201210,S14,0,0
ABCD,1112,2011,201210,S15,0,0
ABCD,1150,2012,201230,F10,10,3
ABCD,1150,2012,201230,F11,20,1
ABCD,1150,2012,201230,F12,10,4
ABCD,1150,2012,201230,F13,20,3
ABCD,1150,2012,201230,F14,20,4
ABCD,1150,2012,201230,F40,20,0
ABCD,1150,2012,201310,F10,10,7
ABCD,1150,2012,201310,F11,10,2
ABCD,1150,2012,201310,F12,10,0
ABCD,1150,2012,201310,F13,10,5
ABCD,1150,2012,201310,F14,11,11
ABCD,1150,2012,201310,F40,20,7
ABCD,1150,2012,201320,F10,35,12
ABCD,1150,2012,201320,F11,35,2
ABCD,1150,2012,201320,F12,35,7
ABCD,1150,2012,201320,F13,35,6
ABCD,1150,2012,201320,F14,35,16
ABCD,1150,2012,201320,F40,20,12
ABCD,1150,2013,201330,F10,35,4
ABCD,1150,2013,201330,F11,35,0
ABCD,1150,2013,201330,F12,35,4
ABCD,1150,2013,201330,F13,35,3
ABCD,1150,2013,201330,F14,35,16
ABCD,1150,2013,201330,F40,20,0
ABCD,1150,2013,201410,F10,35,3
ABCD,1150,2013,201410,F11,35,1
ABCD,1150,2013,201410,F12,35,6
ABCD,1150,2013,201410,F13,35,12
ABCD,1150,2013,201410,F14,35,5
ABCD,1150,2013,201410,F15,4,4
ABCD,1150,2013,201410,F40,20,0
ABCD,1150,2013,201420,F10,35,11
ABCD,1150,2013,201420,F11,35,3
ABCD,1150,2013,201420,F12,35,8
ABCD,1150,2013,201420,F13,35,6
ABCD,1150,2013,201420,F14,35,11
ABCD,1150,2013,201420,F40,20,11
ABCD,1150,2014,201430,F10,35,3
ABCD,1150,2014,201430,F11,35,4
ABCD,1150,2014,201430,F12,35,3
ABCD,1150,2014,201430,F13,35,7
ABCD,1150,2014,201430,F14,35,14
ABCD,1150,2014,201430,F40,20,0
ABCD,1150,2014,201510,F10,35,4
ABCD,1150,2014,201510,F11,35,0
ABCD,1150,2014,201510,F12,35,4
ABCD,1150,2014,201510,F13,35,5
ABCD,1150,2014,201510,F14,35,13
ABCD,1150,2014,201510,F15,35,8
ABCD,1150,2014,201510,F40,20,1
ABCD,1150,2014,201520,F10,35,0
ABCD,1150,2014,201520,F11,35,0
ABCD,1150,2014,201520,F12,35,0
ABCD,1150,2014,201520,F13,35,0
ABCD,1150,2014,201520,F14,35,0
ABCD,1150,2014,201520,F15,35,0
ABCD,1150,2014,201520,F40,20,0
ABCD,1150,2015,201530,F10,35,0
ABCD,1150,2015,201530,F11,35,0
ABCD,1150,2015,201530,F12,35,0
ABCD,1150,2015,201530,F13,35,0
ABCD,1150,2015,201530,F14,35,0
ABCD,1150,2015,201530,F40,20,0
ABCD,1150A,2012,201230,F10,3,0
ABCD,1150A,2012,201230,F11,3,0
ABCD,1150A,2012,201230,F12,3,1
ABCD,1150A,2012,201230,F13,3,0
ABCD,1150A,2012,201230,F14,3,1
ABCD,1150A,2012,201230,F40,3,0
ABCD,1150A,2012,201310,F10,3,0
ABCD,1150A,2012,201310,F11,3,0
ABCD,1150A,2012,201310,F12,3,0
ABCD,1150A,2012,201310,F13,3,0
ABCD,1150A,2012,201310,F14,3,0
ABCD,1150A,2012,201310,F40,3,0
ABCD,1150A,2012,201320,F10,35,0
ABCD,1150A,2012,201320,F11,35,0
ABCD,1150A,2012,201320,F12,35,0
ABCD,1150A,2012,201320,F13,35,0
ABCD,1150A,2012,201320,F14,35,1
ABCD,1150A,2012,201320,F40,35,0
ABCD,1150A,2013,201330,F10,3,0
ABCD,1150A,2013,201330,F11,3,0
ABCD,1150A,2013,201330,F12,3,0
ABCD,1150A,2013,201330,F13,3,0
ABCD,1150A,2013,201330,F14,3,0
ABCD,1150A,2013,201330,F40,3,0
ABCD,1150A,2013,201410,F10,35,0
ABCD,1150A,2013,201410,F11,35,0
ABCD,1150A,2013,201410,F12,35,0
ABCD,1150A,2013,201410,F13,35,0
ABCD,1150A,2013,201410,F14,35,1
ABCD,1150A,2013,201410,F15,2,1
ABCD,1150A,2013,201410,F40,20,0
ABCD,1150A,2014,201430,F10,3,1
ABCD,1150A,2014,201430,F11,3,0
ABCD,1150A,2014,201430,F12,3,0
ABCD,1150A,2014,201430,F13,3,1
ABCD,1150A,2014,201430,F14,3,1
ABCD,1150A,2014,201510,F10,35,0
ABCD,1150A,2014,201510,F11,35,0
ABCD,1150A,2014,201510,F12,35,0
ABCD,1150A,2014,201510,F13,35,0
ABCD,1150A,2014,201510,F14,35,0
ABCD,1150A,2014,201510,F15,35,1
ABCD,1150A,2014,201520,F10,5,0
ABCD,1150A,2014,201520,F11,5,0
ABCD,1150A,2014,201520,F12,5,0
ABCD,1150A,2014,201520,F13,5,0
ABCD,1150A,2014,201520,F14,5,0
ABCD,1150A,2014,201520,F15,35,0
ABCD,1150A,2015,201530,F10,3,0
ABCD,1150A,2015,201530,F11,3,0
ABCD,1150A,2015,201530,F12,3,0
ABCD,1150A,2015,201530,F13,3,0
ABCD,1150A,2015,201530,F14,3,0
ABCD,1150B,2012,201230,F15,0,0
ABCD,1150B,2012,201310,F12,1,1
ABCD,1150B,2012,201310,F14,1,1
ABCD,1150B,2013,201330,F14,3,1
ABCD,1150B,2013,201410,F12,35,0
ABCD,1150B,2013,201410,F14,35,0
ABCD,1150B,2013,201410,F15,2,0
ABCD,1150B,2013,201420,F14,35,2
ABCD,1150B,2014,201510,F10,35,1
ABCD,1150B,2014,201510,F13,35,1
ABCD,1150B,2014,201510,F14,35,1
ABCD,1150B,2014,201510,F15,35,0
ABCD,1150B,2014,201520,F10,5,0
ABCD,1150B,2014,201520,F11,5,0
ABCD,1150B,2014,201520,F12,5,0
ABCD,1150B,2014,201520,F13,5,0
ABCD,1150B,2014,201520,F14,35,0
ABCD,1150B,2014,201520,F15,35,0
ABCD,1201,1996,199630,R16,35,17
ABCD,1201,1996,199630,R40,20,14
ABCD,1201,1997,199730,R16,25,22
ABCD,1201,1997,199730,R40,20,17
ABCD,1201,1998,199830,R16,35,20
ABCD,1201,1998,199830,R40,35,16
ABCD,1201,1999,199930,R16,20,17
ABCD,1201,1999,199930,R40,20,15
ABCD,1201,1999,199930,S16,20,8
ABCD,1201,2000,200030,R16,20,13
ABCD,1201,2000,200030,R40,20,16
ABCD,1201,2000,200030,S16,20,9
ABCD,1210,1996,199630,R16,5,1
ABCD,1210,1996,199710,R16,35,15
ABCD,1210,1996,199710,R40,35,15
ABCD,1210,1997,199810,R16,35,22
ABCD,1210,1997,199810,R40,35,17
ABCD,1210,1998,199910,R16,20,17
ABCD,1210,1998,199910,R40,20,16
ABCD,201,1992,199230,N16,35,11
ABCD,201,1992,199230,R40,20,14
ABCD,201,1992,199310,R40,35,0
ABCD,201,1993,199330,N10,35,10
ABCD,201,1993,199330,R40,20,11
ABCD,201,1994,199430,R10,20,9
ABCD,201,1994,199430,R11,20,16
ABCD,201,1995,199530,R16,35,19
ABCD,201,1995,199530,R40,20,16
ABCD,210,1992,199310,N16,8,8
ABCD,210,1992,199310,R40,17,17
ABCD,210,1993,199410,N10,35,9
ABCD,210,1993,199410,R40,20,11
ABCD,210,1994,199510,R16,20,9
ABCD,210,1994,199510,R40,20,15
ABCD,210,1995,199530,R16,35,1
ABCD,210,1995,199610,R16,20,18
ABCD,210,1995,199610,R40,20,16
ABCD,2101,2001,200130,R16,35,16
ABCD,2101,2001,200130,R40,35,17
ABCD,2101,2001,200130,S14,35,6
ABCD,2101,2001,200130,S16,35,6
ABCD,2101,2002,200230,R16,35,9
ABCD,2101,2002,200230,R40,35,10
ABCD,2101,2002,200230,S14,35,4
ABCD,2101,2002,200230,S16,35,4
ABCD,2101,2002,200310,S70,1,1
ABCD,2101,2003,200330,R16,35,5
ABCD,2101,2003,200330,R40,35,5
ABCD,2101,2003,200330,S14,35,5
ABCD,2101,2003,200330,S16,35,5
ABCD,2101,2003,200410,S16,35,3
ABCD,2101,2003,200420,S14,35,0
ABCD,2101,2004,200430,R16,35,6
ABCD,2101,2004,200430,R40,35,15
ABCD,2101,2004,200430,S14,35,5
ABCD,2101,2004,200430,S16,35,4
ABCD,2101,2004,200510,S16,35,2
ABCD,2101,2004,200520,S14,35,0
ABCD,2101,2005,200530,R16,0,0
ABCD,2101,2005,200530,R40,35,15
ABCD,2101,2005,200530,S16,35,17
ABCD,2101,2006,200630,R16,0,0
ABCD,2101,2006,200630,R40,20,16
ABCD,2101,2006,200630,S37,35,16
ABCD,2101,2007,200730,R40,20,8
ABCD,2101,2007,200730,S16,35,19
ABCD,2101,2008,200830,R40,20,14
ABCD,2101,2008,200830,S37,35,14
ABCD,2101,2009,200930,R40,20,15
ABCD,2101,2009,200930,S37,35,11
ABCD,2101,2010,201030,R40,20,11
ABCD,2101,2010,201030,S37,0,0
ABCD,2101,2011,201130,A70,1,1
ABCD,2101,2011,201130,L40,35,14
ABCD,2101,2012,201230,L40,35,11
ABCD,2101,2013,201330,L40,35,11
ABCD,2101,2013,201330,L41,35,0
ABCD,2101,2014,201430,L40,0,0
ABCD,2101,2014,201430,L41,0,0
ABCD,2110,1999,200010,R16,20,13
ABCD,2110,1999,200010,R40,30,16
ABCD,2110,1999,200010,S16,20,7
ABCD,2110,2000,200030,R70,1,1
ABCD,2110,2000,200110,R16,35,11
ABCD,2110,2000,200110,R40,30,15
ABCD,2110,2000,200110,S16,35,10
ABCD,2110,2001,200210,R14,35,0
ABCD,2110,2001,200210,R16,35,11
ABCD,2110,2001,200210,R17,2,1
ABCD,2110,2001,200210,R40,20,15
ABCD,2110,2001,200210,S14,35,3
ABCD,2110,2001,200210,S16,35,5
ABCD,2110,2001,200210,S17,2,0
ABCD,2110,2001,200220,R10,2,2
ABCD,2110,2002,200230,R40,2,2
ABCD,2110,2002,200310,R16,35,10
ABCD,2110,2002,200310,R17,1,1
ABCD,2110,2002,200310,R40,20,8
ABCD,2110,2002,200310,S10,35,0
ABCD,2110,2002,200310,S16,35,0
ABCD,2110,2002,200320,R17,1,0
ABCD,2110,2002,200320,S10,35,0
ABCD,2110,2002,200320,S16,35,2
ABCD,2110,2003,200330,R40,1,1
ABCD,2110,2003,200330,S10,1,1
ABCD,2110,2003,200330,S16,35,1
ABCD,2110,2003,200410,R16,35,3
ABCD,2110,2003,200410,R17,1,1
ABCD,2110,2003,200410,R40,35,5
ABCD,2110,2003,200410,S10,35,2
ABCD,2110,2003,200410,S16,35,4
ABCD,2110,2003,200420,R40,35,0
ABCD,2110,2003,200420,S14,35,2
ABCD,2110,2003,200420,S16,35,3
ABCD,2110,2004,200430,S16,35,0
ABCD,2110,2004,200510,R16,35,0
ABCD,2110,2004,200510,R40,35,14
ABCD,2110,2004,200510,R41,1,1
ABCD,2110,2004,200510,S14,35,1
ABCD,2110,2004,200510,S16,35,9
ABCD,2110,2004,200520,R40,35,0
ABCD,2110,2004,200520,S14,35,2
ABCD,2110,2004,200520,S16,35,0
ABCD,2110,2005,200530,S16,35,2
ABCD,2110,2005,200610,R16,0,0
ABCD,2110,2005,200610,R17,2,2
ABCD,2110,2005,200610,R40,35,7
ABCD,2110,2005,200610,S14,35,5
ABCD,2110,2005,200610,S16,35,9
ABCD,2110,2005,200620,R16,35,1
ABCD,2110,2005,200620,R40,35,0
ABCD,2110,2005,200620,S14,35,1
ABCD,2110,2005,200620,S16,35,0
ABCD,2110,2006,200630,S16,35,3
ABCD,2110,2006,200710,R16,0,0
ABCD,2110,2006,200710,R40,20,10
ABCD,2110,2006,200710,S14,35,2
ABCD,2110,2006,200710,S15,1,1
ABCD,2110,2006,200710,S16,35,9
ABCD,2110,2006,200710,S17,2,2
ABCD,2110,2006,200720,R40,20,1
ABCD,2110,2006,200720,S14,35,1
ABCD,2110,2006,200720,S16,35,3
ABCD,2110,2007,200730,S14,35,1
ABCD,2110,2007,200730,S15,1,1
ABCD,2110,2007,200730,S16,35,0
ABCD,2110,2007,200810,R15,1,1
ABCD,2110,2007,200810,R40,35,5
ABCD,2110,2007,200810,S14,35,1
ABCD,2110,2007,200810,S16,35,7
ABCD,2110,2007,200810,S17,1,1
ABCD,2110,2007,200820,R40,20,0
ABCD,2110,2007,200820,S14,35,6
ABCD,2110,2007,200820,S16,35,2
ABCD,2110,2008,200830,S16,35,3
ABCD,2110,2008,200830,S17,1,0
ABCD,2110,2008,200910,R40,35,8
ABCD,2110,2008,200910,S14,35,2
ABCD,2110,2008,200910,S15,35,0
ABCD,2110,2008,200910,S16,35,8
ABCD,2110,2008,200910,S17,35,0
ABCD,2110,2008,200920,R40,20,0
ABCD,2110,2008,200920,R41,20,0
ABCD,2110,2008,200920,S14,35,4
ABCD,2110,2008,200920,S15,35,0
ABCD,2110,2008,200920,S16,35,1
ABCD,2110,2008,200920,S17,35,1
ABCD,2110,2009,200930,R40,35,2
ABCD,2110,2009,200930,S16,35,6
ABCD,2110,2009,200930,S17,1,0
ABCD,2110,2009,201010,R40,35,9
ABCD,2110,2009,201010,S14,35,4
ABCD,2110,2009,201010,S15,35,1
ABCD,2110,2009,201020,R40,20,0
ABCD,2110,2009,201020,S14,35,7
ABCD,2110,2009,201020,S16,35,2
ABCD,2110,2010,201030,R40,35,4
ABCD,2110,2010,201030,S13,35,0
ABCD,2110,2010,201030,S14,35,2
ABCD,2110,2010,201030,S15,35,0
ABCD,2110,2010,201030,S16,35,3
ABCD,2110,2010,201110,R40,35,4
ABCD,2110,2010,201110,S13,35,0
ABCD,2110,2010,201110,S14,35,2
ABCD,2110,2010,201110,S15,35,0
ABCD,2110,2010,201110,S16,35,2
ABCD,2110,2010,201120,R40,20,2
ABCD,2110,2010,201120,S13,35,0
ABCD,2110,2010,201120,S15,35,1
ABCD,2110,2010,201120,S16,35,6
ABCD,2110,2011,201130,L10,35,2
ABCD,2110,2011,201130,S10,35,3
ABCD,2110,2011,201130,S11,35,0
ABCD,2110,2011,201130,S12,35,0
ABCD,2110,2011,201130,S13,10,1
ABCD,2110,2011,201210,F10,15,0
ABCD,2110,2011,201210,F11,15,1
ABCD,2110,2011,201210,F12,15,0
ABCD,2110,2011,201210,F13,15,0
ABCD,2110,2011,201210,F14,15,0
ABCD,2110,2011,201210,F40,20,4
ABCD,2110,2011,201220,F10,15,0
ABCD,2110,2011,201220,F11,15,1
ABCD,2110,2011,201220,F12,15,1
ABCD,2110,2011,201220,F13,15,0
ABCD,2110,2011,201220,F14,15,0
ABCD,2110,2011,201220,F40,15,1
ABCD,2111,2010,201030,S16,1,1
ABCD,2111,2010,201110,R40,35,0
ABCD,2111,2010,201110,S13,35,0
ABCD,2111,2010,201110,S14,35,0
ABCD,2111,2010,201110,S15,35,0
ABCD,2111,2010,201110,S16,35,0
ABCD,2111,2010,201120,R10,20,0
ABCD,2111,2010,201120,S10,35,0
ABCD,2111,2010,201120,S11,35,0
ABCD,2111,2010,201120,S12,35,1
ABCD,2111,2010,201120,S13,35,0
ABCD,2111,2011,201130,L10,0,0
ABCD,2111,2011,201130,S10,0,0
ABCD,2111,2011,201130,S11,3,0
ABCD,2111,2011,201130,S12,3,0
ABCD,2111,2011,201130,S13,35,0
ABCD,2111,2011,201130,S14,3,0
ABCD,2111,2011,201210,F10,3,0
ABCD,2111,2011,201210,F11,3,0
ABCD,2111,2011,201210,F12,3,0
ABCD,2111,2011,201210,F13,3,0
ABCD,2111,2011,201210,F14,3,0
ABCD,2111,2011,201220,F10,3,0
ABCD,2111,2011,201220,F11,3,0
ABCD,2111,2011,201220,F12,3,0
ABCD,2111,2011,201220,F13,3,0
ABCD,2111,2011,201220,F14,3,0
ABCD,2111,2011,201220,F40,3,0
ABCD,2112,2010,201110,S16,1,1
ABCD,2112,2010,201120,R10,20,0
ABCD,2112,2011,201130,L10,0,0
ABCD,2112,2011,201130,S10,3,1
ABCD,2112,2011,201130,S11,0,0
ABCD,2112,2011,201130,S12,0,0
ABCD,2112,2011,201130,S13,35,0
ABCD,2112,2011,201210,S16,0,0
ABCD,2150,2012,201230,F10,10,1
ABCD,2150,2012,201230,F11,10,0
ABCD,2150,2012,201230,F12,10,5
ABCD,2150,2012,201230,F13,10,0
ABCD,2150,2012,201230,F14,10,1
ABCD,2150,2012,201230,F40,20,0
ABCD,2150,2012,201310,F10,10,0
ABCD,2150,2012,201310,F11,10,0
ABCD,2150,2012,201310,F12,10,2
ABCD,2150,2012,201310,F13,10,0
ABCD,2150,2012,201310,F14,10,1
ABCD,2150,2012,201310,F40,20,7
ABCD,2150,2012,201320,F10,35,6
ABCD,2150,2012,201320,F11,35,1
ABCD,2150,2012,201320,F12,35,2
ABCD,2150,2012,201320,F13,35,4
ABCD,2150,2012,201320,F14,35,8
ABCD,2150,2012,201320,F40,20,0
ABCD,2150,2013,201330,F10,35,3
ABCD,2150,2013,201330,F11,35,1
ABCD,2150,2013,201330,F12,35,4
ABCD,2150,2013,201330,F13,35,1
ABCD,2150,2013,201330,F14,35,5
ABCD,2150,2013,201330,F40,20,3
ABCD,2150,2013,201410,F10,35,3
ABCD,2150,2013,201410,F11,35,0
ABCD,2150,2013,201410,F12,35,2
ABCD,2150,2013,201410,F13,35,2
ABCD,2150,2013,201410,F14,35,18
ABCD,2150,2013,201410,F15,4,0
ABCD,2150,2013,201410,F40,20,10
ABCD,2150,2013,201420,F10,35,3
ABCD,2150,2013,201420,F11,35,2
ABCD,2150,2013,201420,F12,35,7
ABCD,2150,2013,201420,F13,35,7
ABCD,2150,2013,201420,F14,35,6
ABCD,2150,2013,201420,F40,20,1
ABCD,2150,2014,201430,F10,35,3
ABCD,2150,2014,201430,F11,35,2
ABCD,2150,2014,201430,F12,35,1
ABCD,2150,2014,201430,F13,35,5
ABCD,2150,2014,201430,F14,35,7
ABCD,2150,2014,201430,F40,20,3
ABCD,2150,2014,201510,F10,35,2
ABCD,2150,2014,201510,F11,35,3
ABCD,2150,2014,201510,F12,35,4
ABCD,2150,2014,201510,F13,35,7
ABCD,2150,2014,201510,F14,35,15
ABCD,2150,2014,201510,F15,35,6
ABCD,2150,2014,201510,F40,20,3
ABCD,2150,2014,201520,F10,35,0
ABCD,2150,2014,201520,F11,35,0
ABCD,2150,2014,201520,F12,35,0
ABCD,2150,2014,201520,F13,35,0
ABCD,2150,2014,201520,F14,35,0
ABCD,2150,2014,201520,F15,35,0
ABCD,2150,2014,201520,F40,20,0
ABCD,2150,2015,201530,F10,35,0
ABCD,2150,2015,201530,F11,35,0
ABCD,2150,2015,201530,F12,35,0
ABCD,2150,2015,201530,F13,35,0
ABCD,2150,2015,201530,F14,35,0
ABCD,2150,2015,201530,F40,20,0
ABCD,2150A,2012,201230,F10,3,0
ABCD,2150A,2012,201230,F11,3,0
ABCD,2150A,2012,201230,F12,3,0
ABCD,2150A,2012,201230,F13,3,0
ABCD,2150A,2012,201230,F14,3,0
ABCD,2150A,2012,201230,F40,3,0
ABCD,2150A,2012,201310,F10,3,0
ABCD,2150A,2012,201310,F11,3,0
ABCD,2150A,2012,201310,F12,3,0
ABCD,2150A,2012,201310,F13,3,0
ABCD,2150A,2012,201310,F14,3,0
ABCD,2150A,2012,201310,F40,3,0
ABCD,2150A,2012,201320,F10,35,0
ABCD,2150A,2012,201320,F11,35,0
ABCD,2150A,2012,201320,F12,35,0
ABCD,2150A,2012,201320,F13,35,0
ABCD,2150A,2012,201320,F14,35,0
ABCD,2150A,2012,201320,F40,35,0
ABCD,2150A,2013,201330,F10,3,1
ABCD,2150A,2013,201330,F11,3,0
ABCD,2150A,2013,201330,F12,3,0
ABCD,2150A,2013,201330,F13,3,1
ABCD,2150A,2013,201330,F14,3,0
ABCD,2150A,2013,201330,F40,3,0
ABCD,2150A,2013,201410,F10,35,0
ABCD,2150A,2013,201410,F11,35,0
ABCD,2150A,2013,201410,F12,35,0
ABCD,2150A,2013,201410,F13,35,0
ABCD,2150A,2013,201410,F14,35,0
ABCD,2150A,2013,201410,F40,20,0
ABCD,2150A,2014,201430,F10,3,1
ABCD,2150A,2014,201430,F11,3,0
ABCD,2150A,2014,201430,F12,3,0
ABCD,2150A,2014,201430,F13,3,0
ABCD,2150A,2014,201430,F14,3,0
ABCD,2150A,2014,201510,F10,35,0
ABCD,2150A,2014,201510,F11,35,0
ABCD,2150A,2014,201510,F12,35,0
ABCD,2150A,2014,201510,F13,35,0
ABCD,2150A,2014,201510,F14,35,0
ABCD,2150A,2014,201510,F15,35,0
ABCD,2150A,2014,201520,F15,35,0
ABCD,2150A,2015,201530,F10,3,0
ABCD,2150A,2015,201530,F11,3,0
ABCD,2150A,2015,201530,F12,3,0
ABCD,2150A,2015,201530,F13,3,0
ABCD,2150A,2015,201530,F14,3,0
ABCD,2150B,2012,201230,F15,0,0
ABCD,2150B,2013,201410,F10,3,1
ABCD,2150B,2013,201410,F12,3,0
ABCD,2150B,2013,201410,F13,3,1
ABCD,2150B,2014,201510,F10,35,1
ABCD,2150B,2014,201510,F15,35,0
ABCD,2150B,2014,201520,F15,35,0
ABCD,2301,1996,199720,R16,20,14
ABCD,2301,1996,199720,R40,20,14
ABCD,2301,1997,199820,R16,23,22
ABCD,2301,1997,199820,R40,20,16
ABCD,2301,1998,199920,R16,20,17
ABCD,2301,1998,199920,R40,20,17
ABCD,2301,1999,200020,R16,20,13
ABCD,2301,1999,200020,R40,20,16
ABCD,2301,1999,200020,S16,20,7
ABCD,2301,2000,200120,R16,40,12
ABCD,2301,2000,200120,R40,20,15
ABCD,2301,2000,200120,S16,40,9
ABCD,2301,2001,200220,R16,35,7
ABCD,2301,2001,200220,R40,35,17
ABCD,2301,2001,200220,S10,35,5
ABCD,2301,2001,200220,S16,35,10
ABCD,2301,2002,200320,R16,35,7
ABCD,2301,2002,200320,R40,35,10
ABCD,2301,2002,200320,S10,0,0
ABCD,2301,2002,200320,S16,35,4
ABCD,2301,2003,200420,R40,35,5
ABCD,2301,2003,200420,S14,0,0
ABCD,2301,2003,200420,S16,35,11
ABCD,2301,2004,200430,S16,35,6
ABCD,2301,2004,200520,R40,35,15
ABCD,2301,2004,200520,S14,35,0
ABCD,2301,2004,200520,S16,35,7
ABCD,2301,2005,200530,S14,35,3
ABCD,2301,2005,200610,A75,0,0
ABCD,2301,2005,200620,R40,20,9
ABCD,2301,2005,200620,S14,35,4
ABCD,2301,2005,200620,S16,35,13
ABCD,2301,2006,200630,A75,35,0
ABCD,2301,2006,200720,R40,20,12
ABCD,2301,2006,200720,S16,35,12
ABCD,2301,2007,200820,R40,20,7
ABCD,2301,2007,200820,S16,35,19
ABCD,2301,2008,200920,R40,20,12
ABCD,2301,2008,200920,S16,35,6
ABCD,2301,2009,200930,S70,3,3
ABCD,2301,2009,201020,R40,20,16
ABCD,2301,2009,201020,S16,0,0
ABCD,2301,2010,201120,R40,20,12
ABCD,2301,2011,201210,A70,1,1
ABCD,2301,2011,201220,L40,35,5
ABCD,2301,2011,201220,S70,1,1
ABCD,2301,2012,201320,L40,35,9
ABCD,2301,2013,201420,L40,35,11
ABCD,301,1992,199320,N16,35,8
ABCD,301,1992,199320,R40,20,16
ABCD,301,1993,199420,N16,35,9
ABCD,301,1993,199420,R40,20,10
ABCD,301,1994,199520,R16,35,9
ABCD,301,1994,199520,R40,35,16
ABCD,301,1995,199620,R16,20,19
ABCD,301,1995,199620,R40,20,16
ABCD,3150,2012,201230,F10,10,0
ABCD,3150,2012,201230,F11,10,0
ABCD,3150,2012,201230,F12,10,1
ABCD,3150,2012,201230,F13,10,4
ABCD,3150,2012,201230,F14,10,1
ABCD,3150,2012,201310,F10,10,0
ABCD,3150,2012,201310,F11,10,0
ABCD,3150,2012,201310,F12,10,6
ABCD,3150,2012,201310,F13,10,3
ABCD,3150,2012,201310,F14,10,2
ABCD,3150,2012,201320,F10,35,0
ABCD,3150,2012,201320,F11,35,0
ABCD,3150,2012,201320,F12,35,3
ABCD,3150,2012,201320,F13,35,2
ABCD,3150,2012,201320,F14,35,6
ABCD,3150,2013,201330,F10,35,2
ABCD,3150,2013,201330,F11,35,0
ABCD,3150,2013,201330,F12,35,3
ABCD,3150,2013,201330,F13,35,0
ABCD,3150,2013,201330,F14,35,7
ABCD,3150,2013,201410,F10,35,1
ABCD,3150,2013,201410,F11,35,1
ABCD,3150,2013,201410,F12,35,0
ABCD,3150,2013,201410,F13,35,1
ABCD,3150,2013,201410,F14,35,6
ABCD,3150,2013,201410,F15,4,0
ABCD,3150,2013,201420,F10,35,5
ABCD,3150,2013,201420,F11,35,2
ABCD,3150,2013,201420,F12,35,2
ABCD,3150,2013,201420,F13,35,4
ABCD,3150,2013,201420,F14,35,6
ABCD,3150,2014,201430,F10,35,3
ABCD,3150,2014,201430,F11,35,0
ABCD,3150,2014,201430,F12,35,2
ABCD,3150,2014,201430,F13,35,1
ABCD,3150,2014,201430,F14,35,3
ABCD,3150,2014,201510,F10,35,1
ABCD,3150,2014,201510,F11,35,0
ABCD,3150,2014,201510,F12,35,2
ABCD,3150,2014,201510,F13,35,4
ABCD,3150,2014,201510,F14,35,3
ABCD,3150,2014,201510,F15,35,5
ABCD,3150,2014,201520,F10,35,0
ABCD,3150,2014,201520,F11,35,0
ABCD,3150,2014,201520,F12,35,0
ABCD,3150,2014,201520,F13,35,0
ABCD,3150,2014,201520,F14,35,0
ABCD,3150,2014,201520,F15,35,0
ABCD,3150,2015,201530,F10,35,0
ABCD,3150,2015,201530,F11,35,0
ABCD,3150,2015,201530,F12,35,0
ABCD,3150,2015,201530,F13,35,0
ABCD,3150,2015,201530,F14,35,0
ABCD,3150A,2012,201230,F10,3,0
ABCD,3150A,2012,201230,F11,3,0
ABCD,3150A,2012,201230,F12,3,0
ABCD,3150A,2012,201230,F13,3,0
ABCD,3150A,2012,201230,F14,3,0
ABCD,3150A,2012,201310,F10,3,0
ABCD,3150A,2012,201310,F11,3,0
ABCD,3150A,2012,201310,F12,3,0
ABCD,3150A,2012,201310,F13,3,0
ABCD,3150A,2012,201310,F14,3,0
ABCD,3150A,2012,201320,F10,35,0
ABCD,3150A,2012,201320,F11,35,0
ABCD,3150A,2012,201320,F12,35,0
ABCD,3150A,2012,201320,F13,35,0
ABCD,3150A,2012,201320,F14,35,0
ABCD,3150A,2013,201330,F10,3,0
ABCD,3150A,2013,201330,F11,3,0
ABCD,3150A,2013,201330,F12,3,0
ABCD,3150A,2013,201330,F13,3,0
ABCD,3150A,2013,201330,F14,3,0
ABCD,3150A,2013,201410,F10,35,0
ABCD,3150A,2013,201410,F11,35,0
ABCD,3150A,2013,201410,F12,35,0
ABCD,3150A,2013,201410,F13,35,0
ABCD,3150A,2013,201410,F14,35,0
ABCD,3150A,2014,201430,F13,3,1
ABCD,3150A,2014,201510,F10,35,0
ABCD,3150A,2014,201510,F11,35,0
ABCD,3150A,2014,201510,F12,35,0
ABCD,3150A,2014,201510,F13,35,0
ABCD,3150A,2014,201510,F14,35,0
ABCD,3150A,2014,201520,F15,35,0
ABCD,3150A,2015,201530,F13,3,0
ABCD,3150B,2012,201230,F15,0,0
ABCD,3150B,2014,201510,F13,35,1
ABCD,3150B,2014,201520,F15,35,0
ABCD,3210,1998,199920,R20,35,2
ABCD,3210,1999,200020,R20,35,1
ABCD,3210,1999,200020,S20,35,3
ABCD,3210,2000,200110,S16,2,2
ABCD,3210,2000,200120,R20,35,6
ABCD,3210,2000,200120,S20,35,5
ABCD,3210,2000,200120,S21,35,0
ABCD,3210,2001,200220,R56,35,8
ABCD,3210,2001,200220,S10,35,11
ABCD,3210,2002,200230,S20,35,5
ABCD,3210,2002,200310,S21,35,3
ABCD,3210,2002,200320,R10,1,0
ABCD,3210,2002,200320,R11,2,2
ABCD,3210,2002,200320,S10,35,9
ABCD,3210,2002,200320,S11,35,15
ABCD,3210,2002,200320,S12,2,2
ABCD,3210,2003,200330,S20,35,1
ABCD,3210,2003,200410,S20,35,0
ABCD,3210,2003,200410,S21,35,2
ABCD,3210,2003,200420,R21,1,1
ABCD,3210,2003,200420,S10,35,19
ABCD,3210,2003,200420,S11,35,0
ABCD,3210,2003,200420,S20,35,9
ABCD,3210,2003,200420,S21,35,0
ABCD,3210,2003,200420,S25,35,7
ABCD,3210,2004,200430,S10,35,4
ABCD,3210,2004,200430,S20,35,0
ABCD,3210,2004,200430,S25,35,0
ABCD,3210,2004,200510,S10,35,3
ABCD,3210,2004,200510,S20,35,1
ABCD,3210,2004,200510,S25,35,6
ABCD,3210,2004,200520,S10,35,11
ABCD,3210,2004,200520,S20,35,5
ABCD,3210,2004,200520,S25,35,6
ABCD,3210,2005,200530,S10,35,1
ABCD,3210,2005,200530,S11,1,1
ABCD,3210,2005,200530,S20,35,0
ABCD,3210,2005,200530,S25,35,1
ABCD,3210,2005,200610,S10,35,4
ABCD,3210,2005,200610,S11,1,1
ABCD,3210,2005,200610,S20,35,1
ABCD,3210,2005,200610,S25,35,5
ABCD,3210,2005,200620,S10,35,10
ABCD,3210,2005,200620,S11,3,3
ABCD,3210,2005,200620,S12,2,1
ABCD,3210,2005,200620,S20,35,9
ABCD,3210,2005,200620,S25,35,4
ABCD,3210,2006,200630,S10,35,2
ABCD,3210,2006,200630,S11,1,1
ABCD,3210,2006,200630,S20,35,0
ABCD,3210,2006,200630,S25,35,1
ABCD,3210,2006,200710,R21,2,2
ABCD,3210,2006,200710,S10,35,3
ABCD,3210,2006,200710,S20,35,3
ABCD,3210,2006,200710,S25,35,9
ABCD,3210,2006,200710,S38,35,3
ABCD,3210,2006,200720,R21,3,3
ABCD,3210,2006,200720,S10,35,7
ABCD,3210,2006,200720,S20,35,5
ABCD,3210,2006,200720,S21,4,4
ABCD,3210,2006,200720,S25,35,4
ABCD,3210,2006,200720,S38,35,3
ABCD,3210,2007,200730,S10,35,2
ABCD,3210,2007,200730,S20,35,0
ABCD,3210,2007,200730,S25,35,0
ABCD,3210,2007,200730,S38,35,0
ABCD,3210,2007,200810,R10,1,1
ABCD,3210,2007,200810,S10,35,4
ABCD,3210,2007,200810,S20,35,2
ABCD,3210,2007,200810,S25,35,4
ABCD,3210,2007,200820,S10,35,5
ABCD,3210,2007,200820,S11,35,1
ABCD,3210,2007,200820,S20,35,4
ABCD,3210,2007,200820,S21,35,2
ABCD,3210,2007,200820,S25,35,5
ABCD,3210,2007,200820,S38,35,6
ABCD,3210,2008,200830,S10,35,2
ABCD,3210,2008,200830,S11,35,3
ABCD,3210,2008,200830,S20,35,1
ABCD,3210,2008,200830,S21,1,1
ABCD,3210,2008,200830,S25,35,0
ABCD,3210,2008,200830,S26,0,0
ABCD,3210,2008,200830,S38,35,1
ABCD,3210,2008,200830,S39,0,0
ABCD,3210,2008,200910,S10,35,2
ABCD,3210,2008,200910,S11,35,0
ABCD,3210,2008,200910,S20,35,5
ABCD,3210,2008,200910,S21,35,0
ABCD,3210,2008,200910,S25,35,3
ABCD,3210,2008,200910,S26,35,0
ABCD,3210,2008,200920,S10,35,4
ABCD,3210,2008,200920,S11,35,1
ABCD,3210,2008,200920,S20,35,3
ABCD,3210,2008,200920,S21,35,0
ABCD,3210,2008,200920,S25,35,3
ABCD,3210,2008,200920,S26,35,0
ABCD,3210,2008,200920,S38,35,4
ABCD,3210,2008,200920,S39,35,0
ABCD,3210,2009,200930,S10,35,5
ABCD,3210,2009,200930,S11,35,1
ABCD,3210,2009,200930,S20,35,2
ABCD,3210,2009,200930,S21,1,0
ABCD,3210,2009,200930,S25,35,1
ABCD,3210,2009,200930,S26,0,0
ABCD,3210,2009,200930,S38,35,1
ABCD,3210,2009,200930,S39,0,0
ABCD,3210,2009,201010,S10,35,4
ABCD,3210,2009,201010,S11,35,2
ABCD,3210,2009,201010,S13,35,0
ABCD,3210,2009,201010,S14,35,0
ABCD,3210,2009,201010,S20,35,12
ABCD,3210,2009,201010,S21,35,0
ABCD,3210,2009,201020,S10,35,9
ABCD,3210,2009,201020,S20,35,34
ABCD,3210,2010,201030,S13,35,7
ABCD,3210,2010,201030,S14,35,1
ABCD,3210,2010,201030,S15,35,4
ABCD,3210,2010,201030,S16,35,6
ABCD,3210,2010,201110,S13,35,8
ABCD,3210,2010,201110,S14,35,0
ABCD,3210,2010,201110,S15,35,2
ABCD,3210,2010,201110,S16,35,4
ABCD,3210,2010,201120,S11,35,4
ABCD,3210,2010,201120,S12,35,5
ABCD,3210,2010,201120,S13,35,19
ABCD,3210,2010,201120,S14,35,10
ABCD,3210,2010,201120,S15,35,5
ABCD,3210,2010,201120,S16,35,2
ABCD,3210,2011,201130,S10,35,2
ABCD,3210,2011,201130,S11,35,2
ABCD,3210,2011,201130,S12,35,1
ABCD,3210,2011,201130,S13,35,6
ABCD,3210,2011,201130,S14,10,0
ABCD,3210,2011,201210,F10,15,4
ABCD,3210,2011,201210,F11,15,2
ABCD,3210,2011,201210,F12,15,0
ABCD,3210,2011,201210,F13,15,5
ABCD,3210,2011,201210,F14,15,13
ABCD,3210,2011,201220,F10,15,12
ABCD,3210,2011,201220,F11,15,6
ABCD,3210,2011,201220,F12,15,9
ABCD,3210,2011,201220,F13,15,13
ABCD,3210,2011,201220,F14,20,19
ABCD,3211,2010,201030,S13,1,1
ABCD,3211,2010,201030,S14,1,0
ABCD,3211,2010,201030,S15,5,5
ABCD,3211,2010,201110,S13,35,0
ABCD,3211,2010,201110,S14,35,0
ABCD,3211,2010,201110,S15,35,0
ABCD,3211,2010,201110,S16,35,0
ABCD,3211,2010,201120,R10,20,0
ABCD,3211,2010,201120,S10,35,3
ABCD,3211,2010,201120,S11,35,0
ABCD,3211,2010,201120,S12,35,0
ABCD,3211,2010,201120,S13,35,0
ABCD,3211,2010,201120,S14,35,0
ABCD,3211,2011,201130,S10,0,0
ABCD,3211,2011,201130,S11,3,0
ABCD,3211,2011,201130,S12,3,0
ABCD,3211,2011,201130,S13,3,0
ABCD,3211,2011,201130,S14,4,1
ABCD,3211,2011,201210,F10,3,0
ABCD,3211,2011,201210,F11,3,0
ABCD,3211,2011,201210,F12,3,0
ABCD,3211,2011,201210,F13,3,0
ABCD,3211,2011,201210,F14,3,1
ABCD,3211,2011,201220,F10,3,0
ABCD,3211,2011,201220,F11,3,0
ABCD,3211,2011,201220,F12,3,0
ABCD,3211,2011,201220,F13,3,0
ABCD,3211,2011,201220,F14,3,0
ABCD,3212,2010,201110,S13,1,1
ABCD,3212,2010,201110,S14,1,1
ABCD,3212,2010,201110,S15,5,4
ABCD,3212,2010,201120,R10,20,0
ABCD,3212,2011,201130,S10,0,0
ABCD,3212,2011,201130,S11,0,0
ABCD,3212,2011,201130,S12,0,0
ABCD,3212,2011,201130,S13,0,0
ABCD,3212,2011,201130,S14,3,3
ABCD,3212,2011,201210,F14,3,1
ABCD,3212,2011,201210,S14,0,0
ABCD,3212,2011,201210,S15,0,0
ABCD,3212,2011,201220,F14,1,1
ABCD,4150,2012,201230,F10,10,3
ABCD,4150,2012,201230,F11,10,2
ABCD,4150,2012,201230,F12,10,5
ABCD,4150,2012,201230,F13,11,11
ABCD,4150,2012,201230,F14,10,10
ABCD,4150,2012,201310,F10,10,1
ABCD,4150,2012,201310,F11,10,0
ABCD,4150,2012,201310,F12,10,2
ABCD,4150,2012,201310,F13,10,8
ABCD,4150,2012,201310,F14,10,5
ABCD,4150,2012,201320,F10,35,5
ABCD,4150,2012,201320,F11,35,0
ABCD,4150,2012,201320,F12,35,6
ABCD,4150,2012,201320,F13,35,5
ABCD,4150,2012,201320,F14,35,2
ABCD,4150,2013,201330,F10,35,0
ABCD,4150,2013,201330,F11,35,0
ABCD,4150,2013,201330,F12,35,2
ABCD,4150,2013,201330,F13,35,4
ABCD,4150,2013,201330,F14,35,4
ABCD,4150,2013,201410,F10,35,0
ABCD,4150,2013,201410,F11,35,0
ABCD,4150,2013,201410,F12,35,3
ABCD,4150,2013,201410,F13,35,0
ABCD,4150,2013,201410,F14,35,5
ABCD,4150,2013,201410,F15,4,0
ABCD,4150,2013,201420,F10,35,1
ABCD,4150,2013,201420,F11,35,0
ABCD,4150,2013,201420,F12,35,0
ABCD,4150,2013,201420,F13,35,2
ABCD,4150,2013,201420,F14,35,1
ABCD,4150,2014,201430,F10,35,2
ABCD,4150,2014,201430,F11,35,1
ABCD,4150,2014,201430,F12,35,2
ABCD,4150,2014,201430,F13,35,1
ABCD,4150,2014,201430,F14,35,3
ABCD,4150,2014,201510,F10,35,1
ABCD,4150,2014,201510,F11,35,0
ABCD,4150,2014,201510,F12,35,0
ABCD,4150,2014,201510,F13,35,1
ABCD,4150,2014,201510,F14,35,3
ABCD,4150,2014,201510,F15,35,1
ABCD,4150,2014,201520,F10,35,0
ABCD,4150,2014,201520,F11,35,0
ABCD,4150,2014,201520,F12,35,0
ABCD,4150,2014,201520,F13,35,0
ABCD,4150,2014,201520,F14,35,0
ABCD,4150,2014,201520,F15,35,0
ABCD,4150,2015,201530,F10,35,0
ABCD,4150,2015,201530,F11,35,0
ABCD,4150,2015,201530,F12,35,0
ABCD,4150,2015,201530,F13,35,0
ABCD,4150,2015,201530,F14,35,0
ABCD,4150A,2012,201230,F10,3,0
ABCD,4150A,2012,201230,F11,3,0
ABCD,4150A,2012,201230,F12,3,0
ABCD,4150A,2012,201230,F13,3,0
ABCD,4150A,2012,201230,F14,3,0
ABCD,4150A,2012,201310,F10,3,0
ABCD,4150A,2012,201310,F11,3,0
ABCD,4150A,2012,201310,F12,3,0
ABCD,4150A,2012,201310,F13,3,0
ABCD,4150A,2012,201310,F14,3,0
ABCD,4150A,2012,201320,F10,35,0
ABCD,4150A,2012,201320,F11,35,0
ABCD,4150A,2012,201320,F12,35,0
ABCD,4150A,2012,201320,F13,35,0
ABCD,4150A,2012,201320,F14,35,0
ABCD,4150A,2013,201330,F10,3,0
ABCD,4150A,2013,201330,F11,3,0
ABCD,4150A,2013,201330,F12,3,0
ABCD,4150A,2013,201330,F13,3,0
ABCD,4150A,2013,201330,F14,3,0
ABCD,4150A,2013,201410,F10,35,0
ABCD,4150A,2013,201410,F11,35,0
ABCD,4150A,2013,201410,F12,35,0
ABCD,4150A,2013,201410,F13,35,0
ABCD,4150A,2013,201410,F14,35,0
ABCD,4150A,2014,201510,F10,35,0
ABCD,4150A,2014,201510,F11,35,0
ABCD,4150A,2014,201510,F12,35,0
ABCD,4150A,2014,201510,F13,35,0
ABCD,4150A,2014,201510,F14,35,0
ABCD,4150B,2012,201230,F15,0,0
ABCD,4210,1999,199930,R20,35,2
ABCD,4210,2000,200030,R20,30,1
ABCD,4210,2000,200120,S10,2,2
ABCD,4210,2001,200130,R20,35,7
ABCD,4210,2001,200210,S10,3,3
ABCD,4210,2002,200230,S20,35,4
ABCD,4210,2002,200230,S21,35,4
ABCD,4210,2002,200310,S20,35,4
ABCD,4210,2002,200310,S21,35,0
ABCD,4210,2002,200320,S11,35,1
ABCD,4210,2003,200330,R10,1,2
ABCD,4210,2003,200330,S10,1,2
ABCD,4210,2003,200330,S20,35,17
ABCD,4210,2003,200330,S21,35,0
ABCD,4210,2003,200410,S20,35,0
ABCD,4210,2003,200410,S21,35,2
ABCD,4210,2003,200420,S10,0,0
ABCD,4210,2003,200420,S20,0,0
ABCD,4210,2003,200420,S25,35,1
ABCD,4210,2004,200430,R21,1,0
ABCD,4210,2004,200430,R22,1,1
ABCD,4210,2004,200430,S10,35,13
ABCD,4210,2004,200430,S20,35,1
ABCD,4210,2004,200430,S25,35,1
ABCD,4210,2004,200510,S10,35,5
ABCD,4210,2004,200510,S20,35,1
ABCD,4210,2004,200510,S25,35,4
ABCD,4210,2004,200520,S10,35,2
ABCD,4210,2004,200520,S20,35,6
ABCD,4210,2004,200520,S25,35,4
ABCD,4210,2005,200530,S10,35,10
ABCD,4210,2005,200530,S20,35,0
ABCD,4210,2005,200530,S25,35,1
ABCD,4210,2005,200530,S26,1,1
ABCD,4210,2005,200610,S10,35,1
ABCD,4210,2005,200610,S11,2,2
ABCD,4210,2005,200610,S20,35,1
ABCD,4210,2005,200610,S25,35,8
ABCD,4210,2005,200620,S10,35,3
ABCD,4210,2005,200620,S20,35,0
ABCD,4210,2005,200620,S25,35,2
ABCD,4210,2006,200630,S10,35,8
ABCD,4210,2006,200630,S20,35,2
ABCD,4210,2006,200630,S21,2,2
ABCD,4210,2006,200630,S22,1,1
ABCD,4210,2006,200630,S25,35,0
ABCD,4210,2006,200710,S10,35,3
ABCD,4210,2006,200710,S11,1,1
ABCD,4210,2006,200710,S20,35,1
ABCD,4210,2006,200710,S25,35,4
ABCD,4210,2006,200720,R21,1,1
ABCD,4210,2006,200720,S10,35,4
ABCD,4210,2006,200720,S20,35,3
ABCD,4210,2006,200720,S25,35,6
ABCD,4210,2006,200720,S38,35,3
ABCD,4210,2007,200730,R26,1,1
ABCD,4210,2007,200730,S10,35,5
ABCD,4210,2007,200730,S11,2,3
ABCD,4210,2007,200730,S20,35,2
ABCD,4210,2007,200730,S25,35,1
ABCD,4210,2007,200730,S38,35,0
ABCD,4210,2007,200810,R11,0,0
ABCD,4210,2007,200810,R26,1,1
ABCD,4210,2007,200810,S10,35,1
ABCD,4210,2007,200810,S20,35,4
ABCD,4210,2007,200810,S25,35,3
ABCD,4210,2007,200820,S10,35,4
ABCD,4210,2007,200820,S11,1,1
ABCD,4210,2007,200820,S20,35,3
ABCD,4210,2007,200820,S21,35,0
ABCD,4210,2007,200820,S25,35,5
ABCD,4210,2007,200820,S38,35,2
ABCD,4210,2008,200830,S10,35,3
ABCD,4210,2008,200830,S11,35,3
ABCD,4210,2008,200830,S20,35,1
ABCD,4210,2008,200830,S21,1,1
ABCD,4210,2008,200830,S25,35,2
ABCD,4210,2008,200830,S26,0,0
ABCD,4210,2008,200830,S38,35,0
ABCD,4210,2008,200830,S39,0,0
ABCD,4210,2008,200910,S10,35,3
ABCD,4210,2008,200910,S11,35,1
ABCD,4210,2008,200910,S20,35,1
ABCD,4210,2008,200910,S21,35,0
ABCD,4210,2008,200910,S25,35,1
ABCD,4210,2008,200910,S26,35,1
ABCD,4210,2008,200920,S10,35,2
ABCD,4210,2008,200920,S11,35,0
ABCD,4210,2008,200920,S20,35,3
ABCD,4210,2008,200920,S21,35,0
ABCD,4210,2008,200920,S25,35,2
ABCD,4210,2008,200920,S26,35,0
ABCD,4210,2008,200920,S38,35,4
ABCD,4210,2008,200920,S39,35,0
ABCD,4210,2009,200930,S10,35,3
ABCD,4210,2009,200930,S11,35,1
ABCD,4210,2009,200930,S20,35,0
ABCD,4210,2009,200930,S21,1,0
ABCD,4210,2009,200930,S25,35,2
ABCD,4210,2009,200930,S26,0,0
ABCD,4210,2009,200930,S38,35,2
ABCD,4210,2009,200930,S39,0,0
ABCD,4210,2009,201010,S10,35,7
ABCD,4210,2009,201010,S11,35,1
ABCD,4210,2009,201010,S20,35,5
ABCD,4210,2009,201010,S21,35,0
ABCD,4210,2009,201020,S10,35,6
ABCD,4210,2009,201020,S20,35,9
ABCD,4210,2010,201030,S13,35,10
ABCD,4210,2010,201030,S14,35,4
ABCD,4210,2010,201030,S15,35,3
ABCD,4210,2010,201030,S16,35,5
ABCD,4210,2010,201110,S13,35,5
ABCD,4210,2010,201110,S14,35,0
ABCD,4210,2010,201110,S15,35,1
ABCD,4210,2010,201110,S16,35,2
ABCD,4210,2010,201120,S13,35,7
ABCD,4210,2010,201120,S14,35,5
ABCD,4210,2010,201120,S15,35,4
ABCD,4210,2010,201120,S16,35,7
ABCD,4210,2011,201130,S10,35,3
ABCD,4210,2011,201130,S11,35,3
ABCD,4210,2011,201130,S12,35,1
ABCD,4210,2011,201130,S13,35,9
ABCD,4210,2011,201130,S14,10,2
ABCD,4210,2011,201210,F10,15,1
ABCD,4210,2011,201210,F11,15,2
ABCD,4210,2011,201210,F12,15,0
ABCD,4210,2011,201210,F13,15,3
ABCD,4210,2011,201210,F14,15,11
ABCD,4210,2011,201220,F10,15,8
ABCD,4210,2011,201220,F11,15,1
ABCD,4210,2011,201220,F12,15,0
ABCD,4210,2011,201220,F13,15,1
ABCD,4210,2011,201220,F14,20,15
ABCD,4211,2009,201020,S20,2,2
ABCD,4211,2010,201030,S14,3,3
ABCD,4211,2010,201030,S15,3,3
ABCD,4211,2010,201110,S13,35,0
ABCD,4211,2010,201110,S14,35,0
ABCD,4211,2010,201110,S15,35,0
ABCD,4211,2010,201110,S16,35,0
ABCD,4211,2010,201120,R10,20,0
ABCD,4211,2010,201120,S10,35,0
ABCD,4211,2010,201120,S11,35,0
ABCD,4211,2010,201120,S12,35,0
ABCD,4211,2010,201120,S13,35,0
ABCD,4211,2011,201130,S10,0,0
ABCD,4211,2011,201130,S11,3,0
ABCD,4211,2011,201130,S12,3,0
ABCD,4211,2011,201130,S13,3,1
ABCD,4211,2011,201130,S14,3,1
ABCD,4211,2011,201210,F10,3,0
ABCD,4211,2011,201210,F11,3,0
ABCD,4211,2011,201210,F12,3,0
ABCD,4211,2011,201210,F13,3,0
ABCD,4211,2011,201210,F14,3,0
ABCD,4211,2011,201220,F10,3,0
ABCD,4211,2011,201220,F11,3,0
ABCD,4211,2011,201220,F12,3,0
ABCD,4211,2011,201220,F13,3,0
ABCD,4211,2011,201220,F14,3,0
ABCD,4212,2010,201030,S20,2,2
ABCD,4212,2010,201110,S14,3,3
ABCD,4212,2010,201110,S15,3,3
ABCD,4212,2010,201120,R10,20,0
ABCD,4212,2011,201130,S10,0,0
ABCD,4212,2011,201130,S11,0,0
ABCD,4212,2011,201130,S12,0,0
ABCD,4212,2011,201130,S13,0,0
ABCD,4212,2011,201210,F13,3,1
ABCD,4212,2011,201210,F14,3,1
ABCD,CTFE,2002,200310,R14,0,0
ABCD,CTFE,2002,200310,R16,0,0
ABCD,CTFE,2002,200310,R40,0,0
ABCD,CTFE,2002,200310,S10,0,0
ABCD,CTFE,2002,200310,S11,0,0
ABCD,CTFE,2002,200310,S16,0,0
ABCD,CTFE,2002,200320,R10,1,1
ABCD,CTFE,2002,200320,R11,0,0
ABCD,CTFE,2002,200320,R16,35,3
ABCD,CTFE,2002,200320,R17,1,0
ABCD,CTFE,2002,200320,R40,0,0
ABCD,CTFE,2002,200320,S10,0,0
ABCD,CTFE,2002,200320,S11,35,8
ABCD,CTFE,2002,200320,S12,35,4
ABCD,CTFE,2002,200320,S13,0,0
ABCD,CTFE,2002,200320,S14,35,11
ABCD,CTFE,2003,200330,R10,0,0
ABCD,CTFE,2003,200330,S10,0,0
ABCD,CTFE,2003,200330,S11,0,0
ABCD,CTFE,2003,200410,R10,1,0
ABCD,CTFE,2003,200410,S10,0,0
ABCD,CTFE,2003,200410,S16,0,0
ABCD,CTFE,2003,200420,R21,0,0
ABCD,CTFE,2003,200420,R40,0,0
ABCD,CTFE,2003,200420,R41,1,0
ABCD,CTFE,2003,200420,S10,35,1
ABCD,CTFE,2003,200420,S11,1,0
ABCD,CTFE,2003,200420,S14,0,0
ABCD,CTFE,2003,200420,S15,1,0
ABCD,CTFE,2003,200420,S16,35,0
ABCD,CTFE,2003,200420,S20,0,0
ABCD,CTFE,2003,200420,S25,0,0
ABCD,CTFE,2004,200430,R20,1,0
ABCD,CTFE,2004,200430,S10,35,0
ABCD,CTFE,2004,200430,S16,35,0
WXYZ,1111,2012,201230,S10,35,33
WXYZ,1111,2012,201230,S11,35,35
WXYZ,1111,2012,201230,S12,35,35
WXYZ,1111,2013,201330,S10,35,35
WXYZ,1111,2013,201330,S12,35,35
WXYZ,1111,2013,201330,S13,35,35
WXYZ,1111,2013,201330,S50,35,33
WXYZ,1111,2014,201430,S10,35,35
WXYZ,1111,2014,201430,S11,35,35
WXYZ,1111,2014,201430,S12,35,32
WXYZ,1111,2014,201430,S50,35,35
WXYZ,1111,2015,201530,S10,35,0
WXYZ,1111,2015,201530,S11,35,0
WXYZ,1111,2015,201530,S12,35,0
WXYZ,1111,2015,201530,S50,35,0
WXYZ,1112,2012,201230,S10,35,32
WXYZ,1112,2012,201230,S11,35,34
WXYZ,1112,2012,201230,S50,35,35
WXYZ,1112,2013,201330,S10,35,33
WXYZ,1112,2013,201330,S11,35,35
WXYZ,1112,2013,201330,S12,35,33
WXYZ,1112,2013,201330,S13,35,32
WXYZ,1112,2014,201430,S10,35,34
WXYZ,1112,2014,201430,S11,35,31
WXYZ,1112,2014,201430,S12,35,35
WXYZ,1112,2014,201430,S13,35,34
WXYZ,1112,2015,201530,S10,35,0
WXYZ,1112,2015,201530,S11,35,0
WXYZ,1112,2015,201530,S12,35,0
WXYZ,1112,2015,201530,S13,35,0
WXYZ,1113,2012,201230,S10,35,32
WXYZ,1113,2012,201230,S11,35,35
WXYZ,1113,2012,201230,S50,35,32
WXYZ,1113,2013,201330,S10,35,35
WXYZ,1113,2013,201330,S11,35,33
WXYZ,1113,2013,201330,S50,35,34
WXYZ,1113,2013,201330,S51,35,33
WXYZ,1113,2014,201430,S10,35,34
WXYZ,1113,2014,201430,S11,35,34
WXYZ,1113,2014,201430,S12,35,34
WXYZ,1113,2014,201430,S50,35,34
WXYZ,1113,2015,201530,S10,35,0
WXYZ,1113,2015,201530,S11,35,0
WXYZ,1113,2015,201530,S12,35,0
WXYZ,1113,2015,201530,S50,35,0
WXYZ,1211,2012,201310,S10,35,35
WXYZ,1211,2012,201310,S50,35,22
WXYZ,1211,2012,201310,S51,35,30
WXYZ,1211,2013,201410,S10,34,34
WXYZ,1211,2013,201410,S11,35,36
WXYZ,1211,2013,201410,S50,35,34
WXYZ,1211,2014,201510,S10,35,34
WXYZ,1211,2014,201510,S11,35,35
WXYZ,1211,2014,201510,S50,35,34
WXYZ,1212,2012,201310,S10,35,26
WXYZ,1212,2012,201310,S11,35,30
WXYZ,1212,2012,201310,S12,35,34
WXYZ,1212,2013,201410,S10,35,31
WXYZ,1212,2013,201410,S11,34,34
WXYZ,1212,2013,201410,S12,35,33
WXYZ,1212,2013,201410,S13,35,24
WXYZ,1212,2014,201510,S10,35,35
WXYZ,1212,2014,201510,S11,35,35
WXYZ,1212,2014,201510,S50,35,33
WXYZ,1213,2012,201310,S10,35,24
WXYZ,1213,2012,201310,S11,35,32
WXYZ,1213,2012,201310,S50,35,11
WXYZ,1213,2013,201410,S10,35,35
WXYZ,1213,2013,201410,S11,35,34
WXYZ,1213,2013,201410,S12,35,26
WXYZ,1213,2014,201510,S10,35,34
WXYZ,1213,2014,201510,S11,35,34
WXYZ,1213,2014,201510,S12,35,35
WXYZ,1214,2012,201310,S10,35,28
WXYZ,1214,2012,201310,S11,35,25
WXYZ,1214,2012,201310,S50,35,29
WXYZ,1214,2013,201410,S10,34,34
WXYZ,1214,2013,201410,S11,35,32
WXYZ,1214,2013,201410,S50,35,32
WXYZ,1214,2014,201510,S10,35,34
WXYZ,1214,2014,201510,S11,35,32
WXYZ,1214,2014,201510,S12,35,34
WXYZ,1214,2014,201510,S13,35,24
WXYZ,2311,2012,201230,S10,35,19
WXYZ,2311,2012,201230,S50,0,0
WXYZ,2311,2012,201230,S70,1,1
WXYZ,2311,2013,201330,S10,35,35
WXYZ,2311,2014,201430,S10,35,34
WXYZ,2311,2014,201430,S11,35,35
WXYZ,2311,2014,201430,S50,35,25
WXYZ,2311,2015,201530,S10,35,0
WXYZ,2311,2015,201530,S11,35,0
WXYZ,2311,2015,201530,S50,35,0
WXYZ,2312,2012,201230,S10,35,26
WXYZ,2312,2012,201230,S11,0,0
WXYZ,2312,2013,201330,S10,35,35
WXYZ,2312,2014,201430,S10,35,34
WXYZ,2312,2014,201430,S11,35,34
WXYZ,2312,2014,201430,S50,35,34
WXYZ,2312,2015,201530,S10,35,0
WXYZ,2312,2015,201530,S11,35,0
WXYZ,2312,2015,201530,S50,35,0
WXYZ,2313,2012,201230,S10,0,0
WXYZ,2313,2012,201230,S11,35,6
WXYZ,2313,2013,201330,S10,35,35
WXYZ,2313,2014,201430,S10,35,34
WXYZ,2313,2014,201430,S11,35,33
WXYZ,2313,2014,201510,S10,35,34
WXYZ,2313,2014,201510,S11,35,30
WXYZ,2313,2015,201530,S10,35,0
WXYZ,2313,2015,201530,S11,35,0
WXYZ,2411,2012,201320,S10,35,12
WXYZ,2411,2013,201410,S10,35,34
WXYZ,2411,2013,201420,S10,0,0
WXYZ,2411,2013,201420,S70,3,3
WXYZ,2411,2014,201510,S10,35,35
WXYZ,2411,2014,201510,S11,35,34
WXYZ,2411,2014,201520,S10,35,0
WXYZ,2412,2012,201310,S10,35,29
WXYZ,2412,2012,201310,S11,0,0
WXYZ,2412,2013,201410,S10,35,34
WXYZ,2412,2014,201510,S10,35,35
WXYZ,2412,2014,201510,S50,35,35
WXYZ,2412,2014,201520,S11,35,0
WXYZ,2413,2012,201310,S10,0,0
WXYZ,2413,2012,201310,S11,35,23
WXYZ,2413,2013,201410,S50,35,35
WXYZ,2413,2014,201510,S10,35,25
WXYZ,2413,2014,201510,S50,35,27
WXYZ,2413,2014,201520,S10,35,0
WXYZ,3110,1998,199830,R50,35,21
WXYZ,3110,1999,199930,R50,35,12
WXYZ,3110,2000,200030,R50,35,21
WXYZ,3110,2001,200130,R50,35,33
WXYZ,3110,2002,200230,S50,35,30
WXYZ,3110,2003,200330,S50,35,30
WXYZ,3110,2003,200330,S95,35,26
WXYZ,3110,2004,200430,S50,35,23
WXYZ,3110,2005,200530,S50,35,34
WXYZ,3110,2006,200630,S50,35,27
WXYZ,3110,2007,200730,S50,35,30
WXYZ,3110,2008,200830,S50,35,16
WXYZ,3110,2009,200930,S50,35,25
WXYZ,3110,2010,201030,S50,35,34
WXYZ,3110,2011,201130,S50,35,19
WXYZ,3110,2012,201230,S50,35,17
WXYZ,3110,2013,201330,S50,35,17
WXYZ,3110,2014,201430,S50,35,14
WXYZ,3110,2015,201530,S50,35,0
WXYZ,3120,1998,199830,R50,35,33
WXYZ,3120,1999,199930,R50,35,15
WXYZ,3120,2000,200030,R50,35,26
WXYZ,3120,2001,200130,R50,35,35
WXYZ,3120,2002,200230,S10,34,14
WXYZ,3120,2002,200230,S50,35,30
WXYZ,3120,2003,200330,S50,35,34
WXYZ,3120,2003,200410,S50,35,25
WXYZ,3120,2004,200430,S50,35,27
WXYZ,3120,2004,200510,S50,35,26
WXYZ,3120,2005,200530,S50,35,25
WXYZ,3120,2006,200630,R10,0,0
WXYZ,3120,2006,200630,S50,35,26
WXYZ,3120,2006,200720,S50,35,12
WXYZ,3120,2007,200810,S50,35,21
WXYZ,3120,2009,201010,S50,35,35
WXYZ,3120,2010,201110,S50,35,17
WXYZ,3120,2011,201210,S50,35,23
WXYZ,3130,1998,199830,R95,35,15
WXYZ,3130,1999,199930,R95,35,17
WXYZ,3130,2000,200030,R95,35,18
WXYZ,3130,2001,200130,R95,35,36
WXYZ,3135,2012,201310,S50,35,18
WXYZ,3135,2013,201410,S95,35,4
WXYZ,3140,2002,200230,S10,35,31
WXYZ,3140,2002,200230,S50,35,31
WXYZ,3140,2003,200330,S50,35,33
WXYZ,3140,2003,200330,S98,35,22
WXYZ,3140,2004,200430,S50,35,30
WXYZ,3140,2005,200530,S50,35,31
WXYZ,3140,2005,200610,S50,35,25
WXYZ,3140,2006,200630,S10,35,16
WXYZ,3140,2006,200710,S50,35,17
WXYZ,3140,2007,200730,S50,35,17
WXYZ,3140,2007,200810,S70,1,1
WXYZ,3140,2008,200910,S50,35,27
WXYZ,3140,2010,201030,S50,35,31
WXYZ,3140,2011,201130,S50,35,29
WXYZ,3150,2012,201230,S10,35,23
WXYZ,3150,2013,201330,S10,35,19
WXYZ,3150,2014,201430,S10,35,25
WXYZ,3150,2015,201530,S10,35,0
WXYZ,3160,2012,201230,S50,35,20
WXYZ,3160,2013,201330,S10,35,16
WXYZ,3160,2014,201430,S10,35,16
WXYZ,3160,2015,201530,S10,35,0
WXYZ,3170,2012,201310,S10,35,25
WXYZ,3170,2013,201410,S10,35,17
WXYZ,3170,2014,201510,S50,35,16
WXYZ,3180,2012,201320,S50,35,20
WXYZ,3180,2013,201420,S50,35,9
WXYZ,3210,1998,199910,R50,35,21
WXYZ,3210,1999,200010,R56,35,14
WXYZ,3210,2000,200110,R56,35,33
WXYZ,3210,2001,200135,R56,35,0
WXYZ,3210,2001,200210,R56,35,33
WXYZ,3210,2002,200310,S56,35,33
WXYZ,3210,2003,200410,S50,35,33
WXYZ,3210,2004,200510,S50,35,35
WXYZ,3210,2005,200610,S50,34,32
WXYZ,3210,2006,200630,S10,35,31
WXYZ,3210,2006,200720,S50,35,17
WXYZ,3210,2007,200810,S10,0,0
WXYZ,3210,2007,200820,S50,35,15
WXYZ,3210,2009,200930,S70,1,1
WXYZ,3210,2009,201020,S50,35,33
WXYZ,3210,2010,201110,S50,35,21
WXYZ,3210,2011,201210,S10,35,17
WXYZ,3210,2012,201320,S50,35,27
WXYZ,3210,2013,201420,S50,34,11
WXYZ,3220,1998,199910,R50,35,24
WXYZ,3220,1999,200010,R56,35,15
WXYZ,3220,2000,200110,R56,35,33
WXYZ,3220,2001,200210,R56,35,33
WXYZ,3220,2002,200310,S56,34,32
WXYZ,3220,2003,200330,S10,35,29
WXYZ,3220,2003,200420,S50,35,31
WXYZ,3220,2004,200510,S50,35,34
WXYZ,3220,2005,200610,S50,35,32
WXYZ,3220,2007,200810,S10,35,31
WXYZ,3220,2009,201010,S50,35,35
WXYZ,3225,2012,201230,S50,35,24
WXYZ,3225,2013,201330,S10,35,10
WXYZ,3225,2014,201430,S50,35,13
WXYZ,3225,2015,201530,S50,35,0
WXYZ,3230,1998,199910,R50,35,24
WXYZ,3230,1999,200010,R56,35,12
WXYZ,3230,2000,200110,R56,35,28
WXYZ,3230,2001,200210,R56,35,34
WXYZ,3230,2002,200310,S56,35,36
WXYZ,3230,2003,200410,S50,35,35
WXYZ,3230,2004,200430,S50,35,31
WXYZ,3230,2005,200530,S50,35,32
WXYZ,3230,2006,200710,S50,35,34
WXYZ,3230,2007,200730,S50,35,23
WXYZ,3230,2010,201110,S74,35,23
WXYZ,3235,2012,201320,S50,35,7
WXYZ,3235,2013,201420,S50,35,9
WXYZ,3235,2014,201520,S10,35,0
WXYZ,3240,2008,200830,S50,35,34
WXYZ,3240,2009,200930,S50,35,34
WXYZ,3240,2010,201030,S74,35,33
WXYZ,3240,2011,201130,S74,35,18
WXYZ,3240,2012,201230,S74,35,9
WXYZ,3240,2013,201330,S74,35,16
WXYZ,3240,2014,201430,S74,35,12
WXYZ,3240,2015,201530,S74,35,0
WXYZ,3241,2012,201320,S10,35,21
WXYZ,3241,2013,201420,S10,0,0
WXYZ,3241,2013,201420,S70,3,3
WXYZ,3245,2012,201230,S50,35,18
WXYZ,3245,2013,201330,S50,35,8
WXYZ,3245,2014,201430,S10,35,17
WXYZ,3245,2015,201530,S10,35,0
WXYZ,3246,2012,201310,S50,35,4
WXYZ,3246,2013,201410,S10,35,4
WXYZ,3250,2011,201210,S75,35,32
WXYZ,3250,2012,201310,S74,35,35
WXYZ,3250,2013,201410,S74,35,14
WXYZ,3250,2014,201510,S74,35,18
WXYZ,3270,2008,200920,S50,35,34
WXYZ,3270,2009,201020,S10,35,27
WXYZ,3270,2010,201120,S50,35,22
WXYZ,3270,2011,201220,S10,35,14
WXYZ,3280,2012,201310,S10,35,35
WXYZ,3280,2013,201410,S10,35,15
WXYZ,3280,2014,201510,S50,35,18
WXYZ,3290,2012,201310,S10,35,18
WXYZ,3290,2013,201410,S10,35,8
WXYZ,4105,2014,201510,S10,35,11
WXYZ,4110,2012,201230,S10,35,8
WXYZ,4110,2013,201330,S10,35,24
WXYZ,4110,2014,201430,S10,35,11
WXYZ,4110,2015,201530,S10,35,0
WXYZ,4115,2012,201230,S50,35,11
WXYZ,4115,2013,201330,S50,35,15
WXYZ,4115,2014,201430,S50,35,9
WXYZ,4115,2015,201530,S50,35,0
WXYZ,4120,2012,201310,S10,0,0
WXYZ,4120,2013,201410,S10,35,21
WXYZ,4120,2014,201510,S10,0,0
WXYZ,4120,2014,201510,S70,6,6
WXYZ,4125,2012,201320,S10,35,13
WXYZ,4125,2013,201420,S10,35,12
WXYZ,4125,2014,201520,S10,35,0
WXYZ,4190,2012,201230,S50,35,15
WXYZ,4190,2013,201330,S50,35,35
WXYZ,4190,2014,201430,S50,35,20
WXYZ,4190,2015,201530,S50,35,0
WXYZ,4210,1999,200020,R56,35,8
WXYZ,4210,2000,200120,R56,35,31
WXYZ,4210,2001,200220,R56,35,34
WXYZ,4210,2002,200320,R56,35,36
WXYZ,4210,2003,200410,S10,35,35
WXYZ,4210,2003,200420,S50,35,25
WXYZ,4210,2004,200520,S50,35,35
WXYZ,4210,2005,200530,S50,35,23
WXYZ,4210,2008,200830,S50,34,26
WXYZ,4210,2010,201030,S10,35,34
WXYZ,4210,2012,201230,S50,35,6
WXYZ,4210,2013,201330,S50,35,13
WXYZ,4210,2014,201430,S50,0,0
WXYZ,4210,2014,201430,S70,1,1
WXYZ,4210,2015,201530,S70,1,0
WXYZ,4220,1999,200010,R56,35,12
WXYZ,4220,2000,200110,R56,35,13
WXYZ,4220,2001,200210,R56,35,33
WXYZ,4220,2002,200310,R56,35,34
WXYZ,4220,2003,200410,S50,35,35
WXYZ,4220,2004,200430,S50,35,36
WXYZ,4220,2004,200510,S50,35,35
WXYZ,4220,2005,200610,S50,35,23
WXYZ,4220,2006,200710,S50,35,35
WXYZ,4220,2007,200730,S10,35,17
WXYZ,4220,2011,201210,S10,35,26
WXYZ,4225,2012,201310,S10,35,9
WXYZ,4225,2013,201410,S10,0,0
WXYZ,4230,1999,200010,R56,35,9
WXYZ,4230,2000,200110,R56,35,18
WXYZ,4230,2001,200210,R56,35,32
WXYZ,4230,2002,200310,R56,35,33
WXYZ,4230,2002,200310,S70,1,1
WXYZ,4230,2003,200410,S50,35,30
WXYZ,4230,2004,200430,S50,35,35
WXYZ,4230,2005,200530,S50,35,35
WXYZ,4230,2006,200630,R50,35,24
WXYZ,4230,2006,200630,S10,35,21
WXYZ,4230,2007,200730,S50,35,31
WXYZ,4230,2008,200910,S70,1,1
WXYZ,4230,2009,201010,S50,35,36
WXYZ,4235,2012,201310,S50,0,0
WXYZ,4235,2012,201310,S70,2,2
WXYZ,4235,2013,201410,S50,35,8
WXYZ,4250,2012,201310,S50,35,12
WXYZ,4250,2013,201410,S50,35,19
WXYZ,4290,2012,201310,S50,0,0
WXYZ,4290,2012,201310,S70,3,3
WXYZ,4290,2013,201410,S50,35,21
WXYZ,4290,2014,201510,S50,35,21
WXYZ,4310,1999,200020,R56,35,17
WXYZ,4310,2000,200120,R56,35,27
WXYZ,4310,2001,200220,R56,35,21
WXYZ,4310,2002,200320,R56,35,31
WXYZ,4310,2003,200420,S50,35,30
WXYZ,4310,2003,200420,S51,35,15
WXYZ,4310,2004,200520,S50,35,36
WXYZ,4310,2005,200620,S50,35,30
WXYZ,4310,2006,200720,S50,35,27
WXYZ,4310,2007,200820,S50,35,35
WXYZ,4310,2008,200920,S50,35,29
WXYZ,4310,2009,201020,S50,35,30
WXYZ,4310,2010,201120,S50,35,22
WXYZ,4310,2011,201220,S50,35,21
WXYZ,4310,2012,201320,S10,35,30
WXYZ,4310,2013,201420,S10,35,24
WXYZ,4310,2014,201520,S50,35,0
WXYZ,4320,1999,200020,R56,35,14
WXYZ,4320,2000,200120,R56,35,31
WXYZ,4320,2001,200220,R56,35,35
WXYZ,4320,2002,200310,R56,35,31
WXYZ,4320,2003,200410,S50,35,35
WXYZ,4320,2004,200510,S50,35,32
WXYZ,4320,2005,200610,S50,35,32
WXYZ,4320,2006,200710,S50,35,35
WXYZ,4320,2007,200810,S50,0,0
WXYZ,4320,2007,200810,S51,35,29
WXYZ,4320,2008,200910,S50,35,26
WXYZ,4320,2010,201110,S50,35,30
WXYZ,4320,2011,201210,S50,35,15
WXYZ,4330,1999,200010,R56,35,14
WXYZ,4330,2000,200110,R56,35,12
WXYZ,4330,2001,200210,R56,35,27
WXYZ,4330,2002,200310,R56,35,33
WXYZ,4330,2003,200410,S50,35,34
WXYZ,4330,2004,200510,S50,35,36
WXYZ,4330,2005,200610,S50,35,34
WXYZ,4330,2006,200710,S50,35,35
WXYZ,4330,2007,200810,S50,35,36
WXYZ,4330,2008,200910,S50,35,19
WXYZ,4330,2010,201110,S50,35,32
WXYZ,4330,2011,201210,S10,35,11
WXYZ,4330,2012,201230,S10,35,7
WXYZ,4330,2013,201330,S10,35,21
WXYZ,4340,1999,200020,R56,35,8
WXYZ,4340,2000,200120,R56,35,5
WXYZ,4340,2001,200220,R56,35,35
WXYZ,4340,2002,200320,R56,35,25
WXYZ,4340,2003,200420,S50,35,29
WXYZ,4340,2004,200520,S50,35,35
WXYZ,4340,2005,200620,S50,35,35
WXYZ,4340,2006,200710,S10,35,22
WXYZ,4340,2007,200730,S10,35,35
WXYZ,4340,2008,200830,S50,35,35
WXYZ,4340,2009,200930,S70,1,1
WXYZ,4340,2009,201010,S50,35,24
WXYZ,4340,2010,201110,S10,35,20
WXYZ,4340,2011,201210,S10,35,26
WXYZ,4350,2005,200620,S50,35,30
WXYZ,4350,2006,200710,S10,35,17
WXYZ,4350,2007,200730,S10,35,16
WXYZ,4350,2008,200910,S50,35,29
WXYZ,4350,2010,201030,S50,35,33
WXYZ,4350,2011,201130,S50,35,26
WXYZ,4360,2005,200610,S50,35,14
WXYZ,4360,2006,200630,S50,35,17
WXYZ,4360,2006,200720,S50,35,21
WXYZ,4360,2007,200810,S10,0,0
WXYZ,4360,2007,200820,S50,35,8
WXYZ,4360,2009,200930,S50,35,35
WXYZ,4360,2011,201130,S50,35,33
WXYZ,4370,2009,200930,S50,35,35
WXYZ,4370,2010,201030,S70,1,1
WXYZ,4370,2010,201120,S50,35,33
WXYZ,4370,2011,201220,S50,35,23
WXYZ,4370,2012,201320,S50,35,22
WXYZ,4370,2013,201420,S10,35,10
WXYZ,4370,2014,201520,S50,35,0
WXYZ,4380,2010,201030,S50,0,0
WXYZ,4380,2010,201110,S50,35,19
WXYZ,4380,2011,201210,S50,35,10
WXYZ,4380,2014,201430,S10,35,16
WXYZ,4380,2015,201530,S10,35,0
WXYZ,CTFE,2000,200120,R2,35,2
WXYZ,CTFE,2001,200220,R4,20,0
WXYZ,CTFE,2003,200330,R10,0,0
WXYZ,EXCH,2002,200230,OF2,1,1
WXYZ,EXCH,2002,200310,OF1,1,1
WXYZ,EXCH,2003,200410,OF1,1,1
WXYZ,EXCH,2004,200430,OF1,1,1
WXYZ,EXCH,2004,200520,OF1,1,1
WXYZ,EXCH,2005,200530,0F1,1,1
WXYZ,EXCH,2005,200620,OF1,1,1
WXYZ,EXCH,2005,200620,OF2,2,2
